label	NMDS1	NMDS2	sample_type	sampling_date	sampling_time	sampling_day	site
Metab_183	-0.15985868267534462	0.09064150388318686	seawater	20210123	peak_photo	Day2	LB_seagrass
Metab_189	-0.13493524283484748	-0.05896825072674308	seawater	20210123	peak_photo	Day2	LB_seagrass
Metab_237	-0.11762208291346093	0.143425435670323	seawater	20210123	dawn	Day2	LB_seagrass
Metab_240	-0.06377382429008316	0.11656263404503013	seawater	20210123	dawn	Day2	LB_seagrass
Metab_272	-0.021736154775414924	0.05609880507913765	seawater	20210124	dawn	Day3	LB_seagrass
Metab_273	0.30731306230370226	0.04563706818244301	seawater	20210125	peak_photo	Day4	LB_seagrass
Metab_279	0.0905024318458843	-0.0841375725945587	seawater	20210125	peak_photo	Day4	LB_seagrass
Metab_281	-0.20926047307893308	-0.1901339091250787	seawater	20210124	dawn	Day3	LB_seagrass
Metab_282	0.11047195610963265	-0.06223710552132254	seawater	20210125	peak_photo	Day4	LB_seagrass
Metab_286	-0.21251780007006557	0.022276373367736548	seawater	20210124	peak_photo	Day3	LB_seagrass
Metab_287	-0.2059571680185526	-0.11346608938676866	seawater	20210124	dawn	Day3	LB_seagrass
Metab_289	-0.11370223793723128	0.022755603893486333	seawater	20210124	peak_photo	Day3	LB_seagrass
Metab_309	-0.01997549822235559	-0.08720453851109305	seawater	20210126	dawn	Day5	LB_seagrass
Metab_318	0.04622812857702347	0.003666435304176015	seawater	20210126	dawn	Day5	LB_seagrass
Metab_324	0.13835411781946763	0.049732052224512484	seawater	20210126	dawn	Day5	LB_seagrass
Metab_326	0.40191918258211484	0.016547644520257598	seawater	20210126	peak_photo	Day5	LB_seagrass
Metab_328	-0.011222057146823788	-0.02478030915386076	seawater	20210125	dawn	Day4	LB_seagrass
Metab_329	0.3177934059015064	-0.03227101888384748	seawater	20210126	peak_photo	Day5	LB_seagrass
Metab_332	0.2452332499986794	-0.04155722818543591	seawater	20210126	peak_photo	Day5	LB_seagrass
Metab_334	-0.010222334556434967	-0.08422618269396409	seawater	20210125	dawn	Day4	LB_seagrass
Metab_337	-0.03212277966352598	-0.011485608697984135	seawater	20210125	dawn	Day4	LB_seagrass
Metab_219	-0.32897459511557087	0.05195111147766821	seawater	20210123	dawn	Day2	LB_seagrass
Metab_233	-0.015934603839366093	0.17117314583269932	seawater	20210123	peak_photo	Day2	LB_seagrass
Metab_227	-0.0347422308916987	0.026015443935119655	seawater	20210123	peak_photo	Day2	Tektite
Metab_234	0.0822388808588189	-0.03625328041483506	seawater	20210123	dawn	Day2	Tektite
Metab_236	0.026526717337715885	-0.06808917124893674	seawater	20210123	peak_photo	Day2	Tektite
Metab_241	0.2422086903756545	-0.12725249242236292	seawater	20210123	dawn	Day2	Tektite
Metab_261	-0.012968812711598736	0.007375601463771274	seawater	20210125	peak_photo	Day4	Tektite
Metab_264	-0.04922833292460096	0.0011450531656177177	seawater	20210125	peak_photo	Day4	Tektite
Metab_266	-0.00459361275137197	0.08353231556494772	seawater	20210124	peak_photo	Day3	Tektite
Metab_270	-0.07001874941241884	0.05153261843182062	seawater	20210125	peak_photo	Day4	Tektite
Metab_275	0.047883113536368524	-0.009783388706468396	seawater	20210124	dawn	Day3	Tektite
Metab_277	0.005172094113239465	0.038402317175782526	seawater	20210124	peak_photo	Day3	Tektite
Metab_278	0.028020434326196008	0.017724452482044854	seawater	20210124	dawn	Day3	Tektite
Metab_283	0.048923068888652575	0.01942127710815842	seawater	20210124	peak_photo	Day3	Tektite
Metab_290	-0.05338370955876553	0.02745583815283243	seawater	20210124	dawn	Day3	Tektite
Metab_311	-0.11666869554653497	-0.05953936946764606	seawater	20210126	peak_photo	Day5	Tektite
Metab_312	-0.05221498971302826	-0.05512207753332813	seawater	20210126	dawn	Day5	Tektite
Metab_314	-0.09770633249453228	-0.04388209079933153	seawater	20210126	peak_photo	Day5	Tektite
Metab_315	-0.07279610640319656	0.016010214627299783	seawater	20210126	dawn	Day5	Tektite
Metab_316	-0.046310245972628	0.044737047320368685	seawater	20210125	dawn	Day4	Tektite
Metab_319	-0.006892476304395941	-0.051169403532775	seawater	20210125	dawn	Day4	Tektite
Metab_320	-0.10785970240806486	-0.011430328048819794	seawater	20210126	peak_photo	Day5	Tektite
Metab_321	-0.039829378429498685	-0.05424857079651286	seawater	20210126	dawn	Day5	Tektite
Metab_322	-0.04038202849307886	-0.030627228743514104	seawater	20210125	dawn	Day4	Tektite
Metab_224	0.21234194452552785	0.010541809998622562	seawater	20210123	peak_photo	Day2	Tektite
Metab_231	0.11228046005323943	0.20350341228814434	seawater	20210123	dawn	Day2	Tektite
Metab_186	-0.01787404965130636	-0.023423295220820477	seawater	20210123	peak_photo	Day2	Yawzi
Metab_222	0.1003784833039238	-0.010803409754832016	seawater	20210123	dawn	Day2	Yawzi
Metab_225	-0.00822559181247747	-0.04829825325875225	seawater	20210123	dawn	Day2	Yawzi
Metab_228	-0.01131372462320818	-0.12381847187957544	seawater	20210123	dawn	Day2	Yawzi
Metab_230	0.057618057284436246	0.009128466989225183	seawater	20210123	peak_photo	Day2	Yawzi
Metab_239	0.011688903288333765	-0.06877717780150387	seawater	20210123	peak_photo	Day2	Yawzi
Metab_267	-0.054496617927109164	0.06656189866824527	seawater	20210125	peak_photo	Day4	Yawzi
Metab_269	-0.027245686119506406	0.03773463524636277	seawater	20210124	peak_photo	Day3	Yawzi
Metab_271	-0.05069138685560244	0.03559822053711625	seawater	20210124	peak_photo	Day3	Yawzi
Metab_274	-0.04605766620862151	-0.012352842606517967	seawater	20210124	peak_photo	Day3	Yawzi
Metab_276	-7.124670127665785e-4	0.01901042094585084	seawater	20210125	peak_photo	Day4	Yawzi
Metab_284	-0.05842032876953711	-0.042249306606909794	seawater	20210124	dawn	Day3	Yawzi
Metab_285	-0.02756837886846692	0.0064287878179983896	seawater	20210125	peak_photo	Day4	Yawzi
Metab_292	-0.02198369021384754	0.003501840201967986	seawater	20210124	dawn	Day3	Yawzi
Metab_295	0.045509687910828996	0.010266872992103288	seawater	20210124	dawn	Day3	Yawzi
Metab_303	0.03803537504589268	0.02854282420284926	seawater	20210126	dawn	Day5	Yawzi
Metab_306	0.0058202961028119525	0.0014222340333641486	seawater	20210126	dawn	Day5	Yawzi
Metab_308	-0.05549190646356709	0.014023514059069243	seawater	20210126	peak_photo	Day5	Yawzi
Metab_313	0.01915942168459617	-0.002059894147540339	seawater	20210125	dawn	Day4	Yawzi
Metab_317	0.008996620426719951	0.04078633231758861	seawater	20210126	peak_photo	Day5	Yawzi
Metab_323	0.002509158276487712	0.02848915083778123	seawater	20210126	peak_photo	Day5	Yawzi
Metab_325	0.07837770144799021	0.020406349494368467	seawater	20210125	dawn	Day4	Yawzi
Metab_327	0.0058839252052480875	0.02462753715013209	seawater	20210126	dawn	Day5	Yawzi
Metab_331	0.006103864548747188	-0.014746434217570877	seawater	20210125	dawn	Day4	Yawzi
