grouping	sample_id	dispersion	metab_deriv_label	sample_type	sampling_date	sampling_time	sampling_day	site
all	Metab_183	0.4843233764804293	CINAR_BC_48	seawater	20210123	peak_photo	Day2	LB_seagrass
all	Metab_186	0.4731644974897216	CINAR_BC_47	seawater	20210123	peak_photo	Day2	Yawzi
all	Metab_189	0.4895952294177347	CINAR_BC_52	seawater	20210123	peak_photo	Day2	LB_seagrass
all	Metab_219	0.504458823845	CINAR_BC_81B	seawater	20210123	dawn	Day2	LB_seagrass
all	Metab_222	0.502674665174993	CINAR_BC_76	seawater	20210123	dawn	Day2	Yawzi
all	Metab_224	0.48879008253250356	CINAR_BC_42	seawater	20210123	peak_photo	Day2	Tektite
all	Metab_225	0.4722234991795573	CINAR_BC_78	seawater	20210123	dawn	Day2	Yawzi
all	Metab_227	0.476402001384674	CINAR_BC_44	seawater	20210123	peak_photo	Day2	Tektite
all	Metab_228	0.4835705758317003	CINAR_BC_38	seawater	20210123	dawn	Day2	Yawzi
all	Metab_230	0.4816056677370635	CINAR_BC_46	seawater	20210123	peak_photo	Day2	Yawzi
all	Metab_231	0.47514270780896745	CINAR_BC_36	seawater	20210123	dawn	Day2	Tektite
all	Metab_233	0.47606760026480266	CINAR_BC_49	seawater	20210123	peak_photo	Day2	LB_seagrass
all	Metab_234	0.47329687641512336	CINAR_BC_77	seawater	20210123	dawn	Day2	Tektite
all	Metab_236	0.4754957928739056	CINAR_BC_43	seawater	20210123	peak_photo	Day2	Tektite
all	Metab_237	0.47493559122243684	CINAR_BC_37	seawater	20210123	dawn	Day2	LB_seagrass
all	Metab_239	0.4758186439209452	CINAR_BC_45	seawater	20210123	peak_photo	Day2	Yawzi
all	Metab_240	0.475655045256974	CINAR_BC_41	seawater	20210123	dawn	Day2	LB_seagrass
all	Metab_241	0.5107517649616856	CINAR_BC_79	seawater	20210123	dawn	Day2	Tektite
all	Metab_261	0.4799168909628478	CINAR_BC_93	seawater	20210125	peak_photo	Day4	Tektite
all	Metab_264	0.4696571972806093	CINAR_BC_90	seawater	20210125	peak_photo	Day4	Tektite
all	Metab_266	0.48506811627108554	CINAR_BC_72	seawater	20210124	peak_photo	Day3	Tektite
all	Metab_267	0.47569751049788583	CINAR_BC_97	seawater	20210125	peak_photo	Day4	Yawzi
all	Metab_269	0.4735393953995785	CINAR_BC_71	seawater	20210124	peak_photo	Day3	Yawzi
all	Metab_270	0.46994076011165375	CINAR_BC_98	seawater	20210125	peak_photo	Day4	Tektite
all	Metab_271	0.4735306999281574	CINAR_BC_67	seawater	20210124	peak_photo	Day3	Yawzi
all	Metab_272	0.475094438561215	CINAR_BC_57	seawater	20210124	dawn	Day3	LB_seagrass
all	Metab_273	0.47848283855615326	CINAR_BC_99	seawater	20210125	peak_photo	Day4	LB_seagrass
all	Metab_274	0.4731739842233072	CINAR_BC_69	seawater	20210124	peak_photo	Day3	Yawzi
all	Metab_275	0.4728378004711636	CINAR_BC_62	seawater	20210124	dawn	Day3	Tektite
all	Metab_276	0.4731289181665169	CINAR_BC_91	seawater	20210125	peak_photo	Day4	Yawzi
all	Metab_277	0.47420732179838343	CINAR_BC_64	seawater	20210124	peak_photo	Day3	Tektite
all	Metab_278	0.4749241040805	CINAR_BC_58	seawater	20210124	dawn	Day3	Tektite
all	Metab_279	0.5124026798442385	CINAR_BC_95	seawater	20210125	peak_photo	Day4	LB_seagrass
all	Metab_281	0.4863288860271923	CINAR_BC_63	seawater	20210124	dawn	Day3	LB_seagrass
all	Metab_282	0.490285060138875	CINAR_BC_100	seawater	20210125	peak_photo	Day4	LB_seagrass
all	Metab_283	0.4745920643677079	CINAR_BC_68	seawater	20210124	peak_photo	Day3	Tektite
all	Metab_284	0.48336882150219596	CINAR_BC_53	seawater	20210124	dawn	Day3	Yawzi
all	Metab_285	0.475354451283715	CINAR_BC_96	seawater	20210125	peak_photo	Day4	Yawzi
all	Metab_286	0.47876535116349883	CINAR_BC_70	seawater	20210124	peak_photo	Day3	LB_seagrass
all	Metab_287	0.4814448449211637	CINAR_BC_54	seawater	20210124	dawn	Day3	LB_seagrass
all	Metab_289	0.4788712948245282	CINAR_BC_74	seawater	20210124	peak_photo	Day3	LB_seagrass
all	Metab_290	0.47828924132755096	CINAR_BC_56	seawater	20210124	dawn	Day3	Tektite
all	Metab_292	0.47843467640486165	CINAR_BC_61	seawater	20210124	dawn	Day3	Yawzi
all	Metab_295	0.47581758922683154	CINAR_BC_55	seawater	20210124	dawn	Day3	Yawzi
all	Metab_303	0.4737625353861167	CINAR_BC_107	seawater	20210126	dawn	Day5	Yawzi
all	Metab_306	0.47055918484273296	CINAR_BC_111	seawater	20210126	dawn	Day5	Yawzi
all	Metab_308	0.480921340993191	CINAR_BC_113	seawater	20210126	peak_photo	Day5	Yawzi
all	Metab_309	0.48124594578095403	CINAR_BC_109	seawater	20210126	dawn	Day5	LB_seagrass
all	Metab_311	0.5093307427023955	CINAR_BC_115	seawater	20210126	peak_photo	Day5	Tektite
all	Metab_312	0.47283482998094534	CINAR_BC_101	seawater	20210126	dawn	Day5	Tektite
all	Metab_313	0.47306891234477483	CINAR_BC_80	seawater	20210125	dawn	Day4	Yawzi
all	Metab_314	0.48431592809938806	CINAR_BC_116	seawater	20210126	peak_photo	Day5	Tektite
all	Metab_315	0.4728034071105982	CINAR_BC_108	seawater	20210126	dawn	Day5	Tektite
all	Metab_316	0.47617905437197294	CINAR_BC_84	seawater	20210125	dawn	Day4	Tektite
all	Metab_317	0.4747431088859309	CINAR_BC_114	seawater	20210126	peak_photo	Day5	Yawzi
all	Metab_318	0.4732919251512049	CINAR_BC_110	seawater	20210126	dawn	Day5	LB_seagrass
all	Metab_319	0.48437447710290726	CINAR_BC_81A	seawater	20210125	dawn	Day4	Tektite
all	Metab_320	0.47594823345392046	CINAR_BC_112	seawater	20210126	peak_photo	Day5	Tektite
all	Metab_321	0.4730958050856811	CINAR_BC_104	seawater	20210126	dawn	Day5	Tektite
all	Metab_322	0.47698928224531145	CINAR_BC_75	seawater	20210125	dawn	Day4	Tektite
all	Metab_323	0.4729350818247869	CINAR_BC_118	seawater	20210126	peak_photo	Day5	Yawzi
all	Metab_324	0.47964620448425477	CINAR_BC_103	seawater	20210126	dawn	Day5	LB_seagrass
all	Metab_325	0.4813423180323662	CINAR_BC_86	seawater	20210125	dawn	Day4	Yawzi
all	Metab_326	0.5264223821367469	CINAR_BC_117	seawater	20210126	peak_photo	Day5	LB_seagrass
all	Metab_327	0.4710132307782901	CINAR_BC_102	seawater	20210126	dawn	Day5	Yawzi
all	Metab_328	0.47182519257851735	CINAR_BC_87	seawater	20210125	dawn	Day4	LB_seagrass
all	Metab_329	0.47307127523404874	CINAR_BC_119	seawater	20210126	peak_photo	Day5	LB_seagrass
all	Metab_331	0.4777967570567792	CINAR_BC_82	seawater	20210125	dawn	Day4	Yawzi
all	Metab_332	0.4688146034987961	CINAR_BC_120	seawater	20210126	peak_photo	Day5	LB_seagrass
all	Metab_334	0.4822957059298976	CINAR_BC_83	seawater	20210125	dawn	Day4	LB_seagrass
all	Metab_337	0.47069096255258125	CINAR_BC_85	seawater	20210125	dawn	Day4	LB_seagrass
site.time	Metab_219	0.1956600941769699	CINAR_BC_81B	seawater	20210123	dawn	Day2	LB_seagrass
site.time	Metab_237	0.09631845559774535	CINAR_BC_37	seawater	20210123	dawn	Day2	LB_seagrass
site.time	Metab_240	0.09914520641013612	CINAR_BC_41	seawater	20210123	dawn	Day2	LB_seagrass
site.time	Metab_272	0.09620399465071498	CINAR_BC_57	seawater	20210124	dawn	Day3	LB_seagrass
site.time	Metab_281	0.14288747437200186	CINAR_BC_63	seawater	20210124	dawn	Day3	LB_seagrass
site.time	Metab_287	0.12933703500419735	CINAR_BC_54	seawater	20210124	dawn	Day3	LB_seagrass
site.time	Metab_309	0.11951281219667101	CINAR_BC_109	seawater	20210126	dawn	Day5	LB_seagrass
site.time	Metab_318	0.08711818785937638	CINAR_BC_110	seawater	20210126	dawn	Day5	LB_seagrass
site.time	Metab_324	0.11246547616865842	CINAR_BC_103	seawater	20210126	dawn	Day5	LB_seagrass
site.time	Metab_328	0.0813839830645039	CINAR_BC_87	seawater	20210125	dawn	Day4	LB_seagrass
site.time	Metab_334	0.12493579129694111	CINAR_BC_83	seawater	20210125	dawn	Day4	LB_seagrass
site.time	Metab_337	0.07643211913728026	CINAR_BC_85	seawater	20210125	dawn	Day4	LB_seagrass
site.time	Metab_222	0.20801340470731738	CINAR_BC_76	seawater	20210123	dawn	Day2	Yawzi
site.time	Metab_225	0.11960873642394171	CINAR_BC_78	seawater	20210123	dawn	Day2	Yawzi
site.time	Metab_228	0.15414675760219618	CINAR_BC_38	seawater	20210123	dawn	Day2	Yawzi
site.time	Metab_284	0.15344006102318614	CINAR_BC_53	seawater	20210124	dawn	Day3	Yawzi
site.time	Metab_292	0.13887535054076866	CINAR_BC_61	seawater	20210124	dawn	Day3	Yawzi
site.time	Metab_295	0.1350315341709393	CINAR_BC_55	seawater	20210124	dawn	Day3	Yawzi
site.time	Metab_303	0.12778901678931065	CINAR_BC_107	seawater	20210126	dawn	Day5	Yawzi
site.time	Metab_306	0.1144152094660614	CINAR_BC_111	seawater	20210126	dawn	Day5	Yawzi
site.time	Metab_313	0.12236652303853136	CINAR_BC_80	seawater	20210125	dawn	Day4	Yawzi
site.time	Metab_325	0.15274494147829204	CINAR_BC_86	seawater	20210125	dawn	Day4	Yawzi
site.time	Metab_327	0.11602984484917256	CINAR_BC_102	seawater	20210126	dawn	Day5	Yawzi
site.time	Metab_331	0.1369078965092257	CINAR_BC_82	seawater	20210125	dawn	Day4	Yawzi
site.time	Metab_231	0.09099932762827069	CINAR_BC_36	seawater	20210123	dawn	Day2	Tektite
site.time	Metab_234	0.0875371023802126	CINAR_BC_77	seawater	20210123	dawn	Day2	Tektite
site.time	Metab_241	0.20832988662441726	CINAR_BC_79	seawater	20210123	dawn	Day2	Tektite
site.time	Metab_275	0.08421348470396332	CINAR_BC_62	seawater	20210124	dawn	Day3	Tektite
site.time	Metab_278	0.09393684586588165	CINAR_BC_58	seawater	20210124	dawn	Day3	Tektite
site.time	Metab_290	0.1020571569951179	CINAR_BC_56	seawater	20210124	dawn	Day3	Tektite
site.time	Metab_312	0.07983602065669113	CINAR_BC_101	seawater	20210126	dawn	Day5	Tektite
site.time	Metab_315	0.07919604358923192	CINAR_BC_108	seawater	20210126	dawn	Day5	Tektite
site.time	Metab_316	0.09913610839304358	CINAR_BC_84	seawater	20210125	dawn	Day4	Tektite
site.time	Metab_319	0.1246160257840902	CINAR_BC_81A	seawater	20210125	dawn	Day4	Tektite
site.time	Metab_321	0.08116197399191631	CINAR_BC_104	seawater	20210126	dawn	Day5	Tektite
site.time	Metab_322	0.09731512115413672	CINAR_BC_75	seawater	20210125	dawn	Day4	Tektite
site.time	Metab_183	0.189468917261706	CINAR_BC_48	seawater	20210123	peak_photo	Day2	LB_seagrass
site.time	Metab_189	0.201208207166246	CINAR_BC_52	seawater	20210123	peak_photo	Day2	LB_seagrass
site.time	Metab_233	0.16895479968427776	CINAR_BC_49	seawater	20210123	peak_photo	Day2	LB_seagrass
site.time	Metab_273	0.1787301533604457	CINAR_BC_99	seawater	20210125	peak_photo	Day4	LB_seagrass
site.time	Metab_279	0.25049796557264437	CINAR_BC_95	seawater	20210125	peak_photo	Day4	LB_seagrass
site.time	Metab_282	0.2051810929037167	CINAR_BC_100	seawater	20210125	peak_photo	Day4	LB_seagrass
site.time	Metab_286	0.1753030993262247	CINAR_BC_70	seawater	20210124	peak_photo	Day3	LB_seagrass
site.time	Metab_289	0.17589646542524315	CINAR_BC_74	seawater	20210124	peak_photo	Day3	LB_seagrass
site.time	Metab_326	0.2774195057875499	CINAR_BC_117	seawater	20210126	peak_photo	Day5	LB_seagrass
site.time	Metab_329	0.16621814325699308	CINAR_BC_119	seawater	20210126	peak_photo	Day5	LB_seagrass
site.time	Metab_332	0.1527080893665338	CINAR_BC_120	seawater	20210126	peak_photo	Day5	LB_seagrass
site.time	Metab_186	0.08605990245622996	CINAR_BC_47	seawater	20210123	peak_photo	Day2	Yawzi
site.time	Metab_230	0.12163299446447187	CINAR_BC_46	seawater	20210123	peak_photo	Day2	Yawzi
site.time	Metab_239	0.09873649306785691	CINAR_BC_45	seawater	20210123	peak_photo	Day2	Yawzi
site.time	Metab_267	0.09822600733065784	CINAR_BC_97	seawater	20210125	peak_photo	Day4	Yawzi
site.time	Metab_269	0.08787659476524314	CINAR_BC_71	seawater	20210124	peak_photo	Day3	Yawzi
site.time	Metab_271	0.0877800659300592	CINAR_BC_67	seawater	20210124	peak_photo	Day3	Yawzi
site.time	Metab_274	0.08607945747089459	CINAR_BC_69	seawater	20210124	peak_photo	Day3	Yawzi
site.time	Metab_276	0.08589391675381527	CINAR_BC_91	seawater	20210125	peak_photo	Day4	Yawzi
site.time	Metab_285	0.09643439826942199	CINAR_BC_96	seawater	20210125	peak_photo	Day4	Yawzi
site.time	Metab_308	0.11892123795161579	CINAR_BC_113	seawater	20210126	peak_photo	Day5	Yawzi
site.time	Metab_317	0.0939452993672276	CINAR_BC_114	seawater	20210126	peak_photo	Day5	Yawzi
site.time	Metab_323	0.08494232559160138	CINAR_BC_118	seawater	20210126	peak_photo	Day5	Yawzi
site.time	Metab_224	0.18404629290380076	CINAR_BC_42	seawater	20210123	peak_photo	Day2	Tektite
site.time	Metab_227	0.15277161243372359	CINAR_BC_44	seawater	20210123	peak_photo	Day2	Tektite
site.time	Metab_236	0.15309679268537213	CINAR_BC_43	seawater	20210123	peak_photo	Day2	Tektite
site.time	Metab_261	0.16205171071400468	CINAR_BC_93	seawater	20210125	peak_photo	Day4	Tektite
site.time	Metab_264	0.1340021156696264	CINAR_BC_90	seawater	20210125	peak_photo	Day4	Tektite
site.time	Metab_266	0.17437772122376483	CINAR_BC_72	seawater	20210124	peak_photo	Day3	Tektite
site.time	Metab_270	0.134096558891018	CINAR_BC_98	seawater	20210125	peak_photo	Day4	Tektite
site.time	Metab_277	0.14616514422625482	CINAR_BC_64	seawater	20210124	peak_photo	Day3	Tektite
site.time	Metab_283	0.14776641878048272	CINAR_BC_68	seawater	20210124	peak_photo	Day3	Tektite
site.time	Metab_311	0.2349470930404994	CINAR_BC_115	seawater	20210126	peak_photo	Day5	Tektite
site.time	Metab_314	0.17803382679084798	CINAR_BC_116	seawater	20210126	peak_photo	Day5	Tektite
site.time	Metab_320	0.1548149518884732	CINAR_BC_112	seawater	20210126	peak_photo	Day5	Tektite
site	Metab_183	0.22847354373758036	CINAR_BC_48	seawater	20210123	peak_photo	Day2	LB_seagrass
site	Metab_189	0.23862161390017644	CINAR_BC_52	seawater	20210123	peak_photo	Day2	LB_seagrass
site	Metab_219	0.26639010893383835	CINAR_BC_81B	seawater	20210123	dawn	Day2	LB_seagrass
site	Metab_233	0.21134858132352613	CINAR_BC_49	seawater	20210123	peak_photo	Day2	LB_seagrass
site	Metab_237	0.2050476626001249	CINAR_BC_37	seawater	20210123	dawn	Day2	LB_seagrass
site	Metab_240	0.20661564489540085	CINAR_BC_41	seawater	20210123	dawn	Day2	LB_seagrass
site	Metab_272	0.20528113475442927	CINAR_BC_57	seawater	20210124	dawn	Day3	LB_seagrass
site	Metab_273	0.21863811369806915	CINAR_BC_99	seawater	20210125	peak_photo	Day4	LB_seagrass
site	Metab_279	0.28175036909273643	CINAR_BC_95	seawater	20210125	peak_photo	Day4	LB_seagrass
site	Metab_281	0.2301677637196816	CINAR_BC_63	seawater	20210124	dawn	Day3	LB_seagrass
site	Metab_282	0.24146983874166822	CINAR_BC_100	seawater	20210125	peak_photo	Day4	LB_seagrass
site	Metab_286	0.21667352303423018	CINAR_BC_70	seawater	20210124	peak_photo	Day3	LB_seagrass
site	Metab_287	0.22072468621737007	CINAR_BC_54	seawater	20210124	dawn	Day3	LB_seagrass
site	Metab_289	0.21709904258187007	CINAR_BC_74	seawater	20210124	peak_photo	Day3	LB_seagrass
site	Metab_309	0.21828710626007047	CINAR_BC_109	seawater	20210126	dawn	Day5	LB_seagrass
site	Metab_318	0.20093990627243932	CINAR_BC_110	seawater	20210126	dawn	Day5	LB_seagrass
site	Metab_324	0.2149930996920382	CINAR_BC_103	seawater	20210126	dawn	Day5	LB_seagrass
site	Metab_326	0.30620275628658533	CINAR_BC_117	seawater	20210126	peak_photo	Day5	LB_seagrass
site	Metab_328	0.19780282651281555	CINAR_BC_87	seawater	20210125	dawn	Day4	LB_seagrass
site	Metab_329	0.20787606293710523	CINAR_BC_119	seawater	20210126	peak_photo	Day5	LB_seagrass
site	Metab_332	0.19739215914618688	CINAR_BC_120	seawater	20210126	peak_photo	Day5	LB_seagrass
site	Metab_334	0.22084620788686574	CINAR_BC_83	seawater	20210125	dawn	Day4	LB_seagrass
site	Metab_337	0.1953316880235836	CINAR_BC_85	seawater	20210125	dawn	Day4	LB_seagrass
site	Metab_186	0.19204420713664286	CINAR_BC_47	seawater	20210123	peak_photo	Day2	Yawzi
site	Metab_222	0.2557916458742177	CINAR_BC_76	seawater	20210123	dawn	Day2	Yawzi
site	Metab_225	0.18996852038366638	CINAR_BC_78	seawater	20210123	dawn	Day2	Yawzi
site	Metab_228	0.21502739374043844	CINAR_BC_38	seawater	20210123	dawn	Day2	Yawzi
site	Metab_230	0.21159624929726809	CINAR_BC_46	seawater	20210123	peak_photo	Day2	Yawzi
site	Metab_239	0.19839148096040482	CINAR_BC_45	seawater	20210123	peak_photo	Day2	Yawzi
site	Metab_267	0.19810947301634585	CINAR_BC_97	seawater	20210125	peak_photo	Day4	Yawzi
site	Metab_269	0.19294539469878227	CINAR_BC_71	seawater	20210124	peak_photo	Day3	Yawzi
site	Metab_271	0.19290976658858588	CINAR_BC_67	seawater	20210124	peak_photo	Day3	Yawzi
site	Metab_274	0.19206456232605462	CINAR_BC_69	seawater	20210124	peak_photo	Day3	Yawzi
site	Metab_276	0.19196742951562668	CINAR_BC_91	seawater	20210125	peak_photo	Day4	Yawzi
site	Metab_284	0.21454405705052967	CINAR_BC_53	seawater	20210124	dawn	Day3	Yawzi
site	Metab_285	0.1972875531472069	CINAR_BC_96	seawater	20210125	peak_photo	Day4	Yawzi
site	Metab_292	0.20378054906553217	CINAR_BC_61	seawater	20210124	dawn	Day3	Yawzi
site	Metab_295	0.19950998558193625	CINAR_BC_55	seawater	20210124	dawn	Day3	Yawzi
site	Metab_303	0.19458561415855632	CINAR_BC_107	seawater	20210126	dawn	Day5	Yawzi
site	Metab_306	0.18629677758127114	CINAR_BC_111	seawater	20210126	dawn	Day5	Yawzi
site	Metab_308	0.21000006028621496	CINAR_BC_113	seawater	20210126	peak_photo	Day5	Yawzi
site	Metab_313	0.19187752209389486	CINAR_BC_80	seawater	20210125	dawn	Day4	Yawzi
site	Metab_317	0.19586401702199224	CINAR_BC_114	seawater	20210126	peak_photo	Day5	Yawzi
site	Metab_323	0.19149437991924445	CINAR_BC_118	seawater	20210126	peak_photo	Day5	Yawzi
site	Metab_325	0.21218542958056424	CINAR_BC_86	seawater	20210125	dawn	Day4	Yawzi
site	Metab_327	0.18735919159352743	CINAR_BC_102	seawater	20210126	dawn	Day5	Yawzi
site	Metab_331	0.20235803043610903	CINAR_BC_82	seawater	20210125	dawn	Day4	Yawzi
site	Metab_224	0.22077207137752583	CINAR_BC_42	seawater	20210123	peak_photo	Day2	Tektite
site	Metab_227	0.19425587782644918	CINAR_BC_44	seawater	20210123	peak_photo	Day2	Tektite
site	Metab_231	0.191226377494457	CINAR_BC_36	seawater	20210123	dawn	Day2	Tektite
site	Metab_234	0.18796966047788782	CINAR_BC_77	seawater	20210123	dawn	Day2	Tektite
site	Metab_236	0.19378967293466748	CINAR_BC_43	seawater	20210123	peak_photo	Day2	Tektite
site	Metab_241	0.26782894408597424	CINAR_BC_79	seawater	20210123	dawn	Day2	Tektite
site	Metab_261	0.20199782899463942	CINAR_BC_93	seawater	20210125	peak_photo	Day4	Tektite
site	Metab_264	0.17900251235739403	CINAR_BC_90	seawater	20210125	peak_photo	Day4	Tektite
site	Metab_266	0.21265555845432974	CINAR_BC_72	seawater	20210124	peak_photo	Day3	Tektite
site	Metab_270	0.17927981986818625	CINAR_BC_98	seawater	20210125	peak_photo	Day4	Tektite
site	Metab_275	0.18661073345214832	CINAR_BC_62	seawater	20210124	dawn	Day3	Tektite
site	Metab_277	0.1890114354598541	CINAR_BC_64	seawater	20210124	peak_photo	Day3	Tektite
site	Metab_278	0.19166293857748318	CINAR_BC_58	seawater	20210124	dawn	Day3	Tektite
site	Metab_283	0.19017333985009713	CINAR_BC_68	seawater	20210124	peak_photo	Day3	Tektite
site	Metab_290	0.19802233375777734	CINAR_BC_56	seawater	20210124	dawn	Day3	Tektite
site	Metab_311	0.2642468576836694	CINAR_BC_115	seawater	20210126	peak_photo	Day5	Tektite
site	Metab_312	0.18569774752919824	CINAR_BC_101	seawater	20210126	dawn	Day5	Tektite
site	Metab_314	0.2142630033251524	CINAR_BC_116	seawater	20210126	peak_photo	Day5	Tektite
site	Metab_315	0.18552785582456252	CINAR_BC_108	seawater	20210126	dawn	Day5	Tektite
site	Metab_316	0.19459203790465582	CINAR_BC_84	seawater	20210125	dawn	Day4	Tektite
site	Metab_319	0.211643421119954	CINAR_BC_81A	seawater	20210125	dawn	Day4	Tektite
site	Metab_320	0.19506551526055946	CINAR_BC_112	seawater	20210126	peak_photo	Day5	Tektite
site	Metab_321	0.1863151901608227	CINAR_BC_104	seawater	20210126	dawn	Day5	Tektite
site	Metab_322	0.1951626230685909	CINAR_BC_75	seawater	20210125	dawn	Day4	Tektite
